ADAMANTINA;adamant1@tjsp.jus.br;adamant2@tjsp.jus.br;adamant3@tjsp.jus.br;;;;;;;;;;;;;;;;;;;;;;;;;;;;;;;;;;;;;;;;;;
AGUAI;aguai@tjsp.jus.br;;;;;;;;;;;;;;;;;;;;;;;;;;;;;;;;;;;;;;;;;;;;
LINDOIA;aguaslindoia@tjsp.jus.br;;;;;;;;;;;;;;;;;;;;;;;;;;;;;;;;;;;;;;;;;;;;
AGUDOS;agudos@tjsp.jus.br;;;;;;;;;;;;;;;;;;;;;;;;;;;;;;;;;;;;;;;;;;;;
ALTINOPOLIS;altinop@tjsp.jus.br;;;;;;;;;;;;;;;;;;;;;;;;;;;;;;;;;;;;;;;;;;;;
AMERICANA;americana1cv@tjsp.jus.br;americana2cv@tjsp.jus.br;americana3cv@tjsp.jus.br;americana4cv@tjsp.jus.br;;;;;;;;;;;;;;;;;;;;;;;;;;;;;;;;;;;;;;;;;
AMERICO BRASILIENSE;americo1@tjsp.jus.br;americo2@tjsp.jus.br;;;;;;;;;;;;;;;;;;;;;;;;;;;;;;;;;;;;;;;;;;;
AMPARO;amparo1@tjsp.jus.br;amparo2@tjsp.jus.br;;;;;;;;;;;;;;;;;;;;;;;;;;;;;;;;;;;;;;;;;;;
ANDRADINA;andradina1@tjsp.jus.br;andradina2@tjsp.jus.br;andradina3@tjsp.jus.br;;;;;;;;;;;;;;;;;;;;;;;;;;;;;;;;;;;;;;;;;;
ANGATUBA;angatuba@tjsp.jus.br;;;;;;;;;;;;;;;;;;;;;;;;;;;;;;;;;;;;;;;;;;;;
APARECIDA;aparecida1@tjsp.jus.br;aparecida2@tjsp.jus.br;;;;;;;;;;;;;;;;;;;;;;;;;;;;;;;;;;;;;;;;;;;
APIAI;apiai@tjsp.jus.br;;;;;;;;;;;;;;;;;;;;;;;;;;;;;;;;;;;;;;;;;;;;
ARACATUBA;upj1a5cvaracatuba@tjsp.jus.br;upj1a5cvaracatuba@tjsp.jus.br;upj1a5cvaracatuba@tjsp.jus.br;upj1a5cvaracatuba@tjsp.jus.br;upj1a5cvaracatuba@tjsp.jus.br;;;;;;;;;;;;;;;;;;;;;;;;;;;;;;;;;;;;;;;;
ARARAQUARA;araraq1cv@tjsp.jus.br;araraq2cv@tjsp.jus.br;araraq3cv@tjsp.jus.br;araraq4cv@tjsp.jus.br;araraq5cv@tjsp.jus.br;araraq6cv@tjsp.jus.br;;;;;;;;;;;;;;;;;;;;;;;;;;;;;;;;;;;;;;;
ARARAS;araras1cv@tjsp.jus.br;araras2cv@tjsp.jus.br;araras3cv@tjsp.jus.br;;;;;;;;;;;;;;;;;;;;;;;;;;;;;;;;;;;;;;;;;;
ARTUR NOGUEIRA;arturnogueira@tjsp.jus.br;;;;;;;;;;;;;;;;;;;;;;;;;;;;;;;;;;;;;;;;;;;;
ARUJA;aruja1@tjsp.jus.br;aruja2@tjsp.jus.br;;;;;;;;;;;;;;;;;;;;;;;;;;;;;;;;;;;;;;;;;;;
ASSIS;assis1cv@tjsp.jus.br;assis2cv@tjsp.jus.br;assis3cv@tjsp.jus.br;;;;;;;;;;;;;;;;;;;;;;;;;;;;;;;;;;;;;;;;;;
ATIBAIA;atibaia1cv@tjsp.jus.br;atibaia2cv@tjsp.jus.br;atibaia3cv@tjsp.jus.br;atibaia4cv@tjsp.jus.br;;;;;;;;;;;;;;;;;;;;;;;;;;;;;;;;;;;;;;;;;
AURIFLAMA;auriflama@tjsp.jus.br;;;;;;;;;;;;;;;;;;;;;;;;;;;;;;;;;;;;;;;;;;;;
AVARE;avare1cv@tjsp.jus.br;avare2cv@tjsp.jus.br;;;;;;;;;;;;;;;;;;;;;;;;;;;;;;;;;;;;;;;;;;;
BANANAL;bananal@tjsp.jus.br;;;;;;;;;;;;;;;;;;;;;;;;;;;;;;;;;;;;;;;;;;;;
BARIRI;bariri@tjsp.jus.br;;;;;;;;;;;;;;;;;;;;;;;;;;;;;;;;;;;;;;;;;;;;
BARRA BONITA;barrabonita1@tjsp.jus.br;barrabonita2@tjsp.jus.br;;;;;;;;;;;;;;;;;;;;;;;;;;;;;;;;;;;;;;;;;;;
BARRETOS;barretos1cv@tjsp.jus.br;barretos2cv@tjsp.jus.br;barretos3cv@tjsp.jus.br;;;;;;;;;;;;;;;;;;;;;;;;;;;;;;;;;;;;;;;;;;
BARUERI;barueri1cv@tjsp.jus.br;barueri2cv@tjsp.jus.br;barueri3cv@tjsp.jus.br;barueri4cv@tjsp.jus.br;barueri5cv@tjsp.jus.br;barueri6cv@tjsp.jus.br;;;;;;;;;;;;;;;;;;;;;;;;;;;;;;;;;;;;;;;
BASTOS;bastos@tjsp.jus.br;;;;;;;;;;;;;;;;;;;;;;;;;;;;;;;;;;;;;;;;;;;;
BATATAIS;batatais@tjsp.jus.br;;;;;;;;;;;;;;;;;;;;;;;;;;;;;;;;;;;;;;;;;;;;
BAURU;bauru1cv@tjsp.jus.br;bauru2jec@tjsp.jus.br;bauru3cv@tjsp.jus.br;bauru4cv@tjsp.jus.br;bauru5cv@tjsp.jus.br;bauru6cv@tjsp.jus.br;bauru7cv@tjsp.jus.br;bauru2cv@tjsp.jus.br;;;;;;;;;;;;;;;;;;;;;;;;;;;;;;;;;;;;;
BEBEDOURO;bebedouro1@tjsp.jus.br;bebedouro2@tjsp.jus.br;bebedouro3@tjsp.jus.br;;;;;;;;;;;;;;;;;;;;;;;;;;;;;;;;;;;;;;;;;;
BERTIOGA;bertioga1@tjsp.jus.br;bertioga2@tjsp.jus.br;;;;;;;;;;;;;;;;;;;;;;;;;;;;;;;;;;;;;;;;;;;
BILAC;bilac@tjsp.jus.br;;;;;;;;;;;;;;;;;;;;;;;;;;;;;;;;;;;;;;;;;;;;
BIRIGUI;birigui1cv@tjsp.jus.br;birigui2cv@tjsp.jus.br;birigui3cv@tjsp.jus.br;;;;;;;;;;;;;;;;;;;;;;;;;;;;;;;;;;;;;;;;;;
BOITUVA;boituva1@tjsp.jus.br;boituva2@tjsp.jus.br;;;;;;;;;;;;;;;;;;;;;;;;;;;;;;;;;;;;;;;;;;;
BORBOREMA;borborema@tjsp.jus.br;;;;;;;;;;;;;;;;;;;;;;;;;;;;;;;;;;;;;;;;;;;;
BOTUCATU;botucatu1cv@tjsp.jus.br;botucatu2cv@tjsp.jus.br;botucatu3cv@tjsp.jus.br;;;;;;;;;;;;;;;;;;;;;;;;;;;;;;;;;;;;;;;;;;
BRAGANCA PAULISTA;braganca1cv@tjsp.jus.br;braganca2cv@tjsp.jus.br;braganca3cv@tjsp.jus.br;braganca4cv@tjsp.jus.br;;;;;;;;;;;;;;;;;;;;;;;;;;;;;;;;;;;;;;;;;
BRODOWSKI;brodowski@tjsp.jus.br;;;;;;;;;;;;;;;;;;;;;;;;;;;;;;;;;;;;;;;;;;;;
BROTAS;brotas@tjsp.jus.br;;;;;;;;;;;;;;;;;;;;;;;;;;;;;;;;;;;;;;;;;;;;
BURI;buri@tjsp.jus.br;;;;;;;;;;;;;;;;;;;;;;;;;;;;;;;;;;;;;;;;;;;;
BURITAMA;buritama1@tjsp.jus.br;buritama2@tjsp.jus.br;;;;;;;;;;;;;;;;;;;;;;;;;;;;;;;;;;;;;;;;;;;
BUTANTA;butantacivel@tjsp.jus.br;butantacivel@tjsp.jus.br;butantacivel@tjsp.jus.br;;;;;;;;;;;;;;;;;;;;;;;;;;;;;;;;;;;;;;;;;;
CABREUVA;cabreuva@tjsp.jus.br;;;;;;;;;;;;;;;;;;;;;;;;;;;;;;;;;;;;;;;;;;;;
CACAPAVA;cacapava1@tjsp.jus.br;cacapava2@tjsp.jus.br;;;;;;;;;;;;;;;;;;;;;;;;;;;;;;;;;;;;;;;;;;;
CACHOEIRA PAULISTA;cachpta1@tjsp.jus.br;cachpta2@tjsp.jus.br;;;;;;;;;;;;;;;;;;;;;;;;;;;;;;;;;;;;;;;;;;;
CACONDE;caconde@tjsp.jus.br;;;;;;;;;;;;;;;;;;;;;;;;;;;;;;;;;;;;;;;;;;;;
CAFELANDIA;cafelandia@tjsp.jus.br;;;;;;;;;;;;;;;;;;;;;;;;;;;;;;;;;;;;;;;;;;;;
CAIEIRAS;caieiras@tjsp.jus.br;caieiras@tjsp.jus.br;;;;;;;;;;;;;;;;;;;;;;;;;;;;;;;;;;;;;;;;;;;
CAJAMAR;cajamar1@tjsp.jus.br;cajamar2@tjsp.jus.br;;;;;;;;;;;;;;;;;;;;;;;;;;;;;;;;;;;;;;;;;;;
CAJURU;cajuru@tjsp.jus.br;;;;;;;;;;;;;;;;;;;;;;;;;;;;;;;;;;;;;;;;;;;;
CAMPINAS;campinas1cv@tjsp.jus.br;campinas2cv@tjsp.jus.br;campinas3cv@tjsp.jus.br;campinas4cv@tjsp.jus.br;campinas5cv@tjsp.jus.br;campinas6cv@tjsp.jus.br;campinas7cv@tjsp.jus.br;campinas8cv@tjsp.jus.br;campinas9cv@tjsp.jus.br;campinas2cv@tjsp.jus.br;campinas10cv@tjsp.jus.br;;;;;;;;;;;;;;;;;;;;;;;;;;;;;;;;;;
CAMPO LIMPO PAULISTA;campolimpo1@tjsp.jus.br;campolimpo2@tjsp.jus.br;;;;;;;;;;;;;;;;;;;;;;;;;;;;;;;;;;;;;;;;;;;
CAMPOS DO JORDAO;campjordao1sp@tjsp.jus.br;campjordao2@tjsp.jus.br;;;;;;;;;;;;;;;;;;;;;;;;;;;;;;;;;;;;;;;;;;;
CANANEIA;cananeia@tjsp.jus.br;;;;;;;;;;;;;;;;;;;;;;;;;;;;;;;;;;;;;;;;;;;;
CANDIDO MOTA;candmota1@tjsp.jus.br;candmota2@tjsp.jus.br;;;;;;;;;;;;;;;;;;;;;;;;;;;;;;;;;;;;;;;;;;;
CAPAO BONITO;capbonito1@tjsp.jus.br;capbonito2@tjsp.jus.br;;;;;;;;;;;;;;;;;;;;;;;;;;;;;;;;;;;;;;;;;;;
CAPIVARI;capivari1@tjsp.jus.br;capivari2@tjsp.jus.br;;;;;;;;;;;;;;;;;;;;;;;;;;;;;;;;;;;;;;;;;;;
CARAGUATATUBA;caragua1cv@tjsp.jus.br;caragua2cv@tjsp.jus.br;caragua3cv@tjsp.jus.br;;;;;;;;;;;;;;;;;;;;;;;;;;;;;;;;;;;;;;;;;;
CARAPICUIBA;carapic1cv@tjsp.jus.br;carapic2cv@tjsp.jus.br;carapic3cv@tjsp.jus.br;carapic4cv@tjsp.jus.br;;;;;;;;;;;;;;;;;;;;;;;;;;;;;;;;;;;;;;;;;
CARDOSO;cardoso@tjsp.jus.br;;;;;;;;;;;;;;;;;;;;;;;;;;;;;;;;;;;;;;;;;;;;
CARTAS PRECATORIAS CIVEIS - CAP;spprecatoriascv@tjsp.jus.br;;;;;;;;;;;;;;;;;;;;;;;;;;;;;;;;;;;;;;;;;;;;
CASA BRANCA;casabranca1@tjsp.jus.br;casabranca2@tjsp.jus.br;;;;;;;;;;;;;;;;;;;;;;;;;;;;;;;;;;;;;;;;;;;
CATANDUVA;catanduva1cv@tjsp.jus.br;catanduva2cv@tjsp.jus.br;catanduva3cv@tjsp.jus.br;;;;;;;;;;;;;;;;;;;;;;;;;;;;;;;;;;;;;;;;;;
CESARIO LANGE;cesariolange@tjsp.jus.br;;;;;;;;;;;;;;;;;;;;;;;;;;;;;;;;;;;;;;;;;;;;
CERQUEIRA CESAR;cerqcesar12@tjsp.jus.br;cerqcesar2@tjsp.jus.br;;;;;;;;;;;;;;;;;;;;;;;;;;;;;;;;;;;;;;;;;;;
CERQUILHO;cerquilho@tjsp.jus.br;;;;;;;;;;;;;;;;;;;;;;;;;;;;;;;;;;;;;;;;;;;;
CHAVANTES;chavantes@tjsp.jus.br;;;;;;;;;;;;;;;;;;;;;;;;;;;;;;;;;;;;;;;;;;;;
COLINA;colina@tjsp.jus.br;;;;;;;;;;;;;;;;;;;;;;;;;;;;;;;;;;;;;;;;;;;;
CONCHAL;conchal@tjsp.jus.br;;;;;;;;;;;;;;;;;;;;;;;;;;;;;;;;;;;;;;;;;;;;
CONCHAS;conchas1@tjsp.jus.br;conchas2@tjsp.jus.br;;;;;;;;;;;;;;;;;;;;;;;;;;;;;;;;;;;;;;;;;;;
CORDEIROPOLIS;cordeirop@tjsp.jus.br;;;;;;;;;;;;;;;;;;;;;;;;;;;;;;;;;;;;;;;;;;;;
COSMOPOLIS;cosmopolis@tjsp.jus.br;;;;;;;;;;;;;;;;;;;;;;;;;;;;;;;;;;;;;;;;;;;;
COTIA;cotia1cv@tjsp.jus.br;cotia2cv@tjsp.jus.br;cotia3cv@tjsp.jus.br;;;;;;;;;;;;;;;;;;;;;;;;;;;;;;;;;;;;;;;;;;
CRAVINHOS;cravinhos@tjsp.jus.br;;;;;;;;;;;;;;;;;;;;;;;;;;;;;;;;;;;;;;;;;;;;
CRUZEIRO;cruzeiro1cv@tjsp.jus.br;cruzeiro2cv@tjsp.jus.br;;;;;;;;;;;;;;;;;;;;;;;;;;;;;;;;;;;;;;;;;;;
CUBATAO;cubatao1@tjsp.jus.br;cubatao2@tjsp.jus.br;cubatao3@tjsp.jus.br;cubatao4@tjsp.jus.br;;;;;;;;;;;;;;;;;;;;;;;;;;;;;;;;;;;;;;;;;
CUNHA;cunhasp@tjsp.jus.br;;;;;;;;;;;;;;;;;;;;;;;;;;;;;;;;;;;;;;;;;;;;
DESCALVADO;descalv1@tjsp.jus.br;descalv2@tjsp.jus.br;;;;;;;;;;;;;;;;;;;;;;;;;;;;;;;;;;;;;;;;;;;
DIADEMA;diadema1cv@tjsp.jus.br;diadema2cv@tjsp.jus.br;diadema3cv@tjsp.jus.br;diadema4cv@tjsp.jus.br;;;;;;;;;;;;;;;;;;;;;;;;;;;;;;;;;;;;;;;;;
DOIS CORREGOS;doiscorregos@tjsp.jus.br;;;;;;;;;;;;;;;;;;;;;;;;;;;;;;;;;;;;;;;;;;;;
DRACENA;dracena1@tjsp.jus.br;dracena2@tjsp.jus.br;dracena3@tjsp.jus.br;;;;;;;;;;;;;;;;;;;;;;;;;;;;;;;;;;;;;;;;;;
DUARTINA;duartina@tjsp.jus.br;;;;;;;;;;;;;;;;;;;;;;;;;;;;;;;;;;;;;;;;;;;;
ELDORADO;eldorado@tjsp.jus.br;;;;;;;;;;;;;;;;;;;;;;;;;;;;;;;;;;;;;;;;;;;;
EMBU DAS ARTES;embu1@tjsp.jus.br;embu2@tjsp.jus.br;embu3@tjsp.jus.br;;;;;;;;;;;;;;;;;;;;;;;;;;;;;;;;;;;;;;;;;;
EMBU-GUACU;embuguacu@tjsp.jus.br;;;;;;;;;;;;;;;;;;;;;;;;;;;;;;;;;;;;;;;;;;;;
ESPIRITO SANTO DO PINHAL;pinhal1@tjsp.jus.br;pinhal2@tjsp.jus.br;;;;;;;;;;;;;;;;;;;;;;;;;;;;;;;;;;;;;;;;;;;
ESTRELA D OESTE;estreladoeste@tjsp.jus.br;;;;;;;;;;;;;;;;;;;;;;;;;;;;;;;;;;;;;;;;;;;;
FARTURA;fartura@tjsp.jus.br;;;;;;;;;;;;;;;;;;;;;;;;;;;;;;;;;;;;;;;;;;;;
FERNANDOPOLIS;fernand1cv@tjsp.jus.br;fernand2cv@tjsp.jus.br;fernand3cv@tjsp.jus.br;;;;;;;;;;;;;;;;;;;;;;;;;;;;;;;;;;;;;;;;;;
VASCONCELOS;ferraz1@tjsp.jus.br;ferraz2@tjsp.jus.br;ferraz3@tjsp.jus.br;;;;;;;;;;;;;;;;;;;;;;;;;;;;;;;;;;;;;;;;;;
FLORIDA PAULISTA;floridapta@tjsp.jus.br;;;;;;;;;;;;;;;;;;;;;;;;;;;;;;;;;;;;;;;;;;;;
FRANCA;franca1cv@tjsp.jus.br;franca2cv@tjsp.jus.br;franca3cv@tjsp.jus.br;franca4cv@tjsp.jus.br;franca5cv@tjsp.jus.br;;;;;;;;;;;;;;;;;;;;;;;;;;;;;;;;;;;;;;;;
FRANCISCO MORATO;francmorato1@tjsp.jus.br;francmorato2@tjsp.jus.br;;;;;;;;;;;;;;;;;;;;;;;;;;;;;;;;;;;;;;;;;;;
FRANCO DA ROCHA;francorocha1cv@tjsp.jus.br;francorocha2cv@tjsp.jus.br;;;;;;;;;;;;;;;;;;;;;;;;;;;;;;;;;;;;;;;;;;;
GALIA;galia@tjsp.jus.br;;;;;;;;;;;;;;;;;;;;;;;;;;;;;;;;;;;;;;;;;;;;
GARCA;garca1@tjsp.jus.br;garca2@tjsp.jus.br;garca3@tjsp.jus.br;;;;;;;;;;;;;;;;;;;;;;;;;;;;;;;;;;;;;;;;;;
GENERAL SALGADO;gsalgado@tjsp.jus.br;;;;;;;;;;;;;;;;;;;;;;;;;;;;;;;;;;;;;;;;;;;;
GETULINA;getulina@tjsp.jus.br;;;;;;;;;;;;;;;;;;;;;;;;;;;;;;;;;;;;;;;;;;;;
GUAIRA;guaira1@tjsp.jus.br;guaira2@tjsp.jus.br;;;;;;;;;;;;;;;;;;;;;;;;;;;;;;;;;;;;;;;;;;;
GUARA;guara@tjsp.jus.br;;;;;;;;;;;;;;;;;;;;;;;;;;;;;;;;;;;;;;;;;;;;
GUARARAPES;guararap1@tjsp.jus.br;guararap2@tjsp.jus.br;;;;;;;;;;;;;;;;;;;;;;;;;;;;;;;;;;;;;;;;;;;
GUARAREMA;guararema@tjsp.jus.br;;;;;;;;;;;;;;;;;;;;;;;;;;;;;;;;;;;;;;;;;;;;
GUARATINGUETA;guarat1@tjsp.jus.br;guarat2@tjsp.jus.br;guarat3@tjsp.jus.br;guarat4@tjsp.jus.br;;;;;;;;;;;;;;;;;;;;;;;;;;;;;;;;;;;;;;;;;
GUARIBA;guariba1@tjsp.jus.br;guariba2@tjsp.jus.br;;;;;;;;;;;;;;;;;;;;;;;;;;;;;;;;;;;;;;;;;;;
GUARUJA;guaruja1cv@tjsp.jus.br;guaruja2cv@tjsp.jus.br;guaruja3cv@tjsp.jus.br;guaruja4cv@tjsp.jus.br;;;;;;;;;;;;;;;;;;;;;;;;;;;;;;;;;;;;;;;;;
GUARULHOS;guarulhos1cv@tjsp.jus.br;guarulhos2cv@tjsp.jus.br;guarulhos3cv@tjsp.jus.br;guarulhos4cv@tjsp.jus.br;guarulhos5cv@tjsp.jus.br;guarulhos6cv@tjsp.jus.br;guarulhos7cv@tjsp.jus.br;guarulhos8cv@tjsp.jus.br;guarulhos9cv@tjsp.jus.br;guarulhos10cv@tjsp.jus.br;;;;;;;;;;;;;;;;;;;;;;;;;;;;;;;;;;;
HELY LOPES MEIRELLES;sp1faz@tjsp.jus.br;sp2faz@tjsp.jus.br;sp3faz@tjsp.jus.br;sp4faz@tjsp.jus.br;sp5faz@tjsp.jus.br;sp6faz@tjsp.jus.br;sp7faz@tjsp.jus.br;sp8faz@tjsp.jus.br;sp9faz@tjsp.jus.br;sp10faz@tjsp.jus.br;sp11faz@tjsp.jus.br;sp12faz@tjsp.jus.br;sp13faz@tjsp.jus.br;sp14faz@tjsp.jus.br;sp15faz@tjsp.jus.br;sp16faz@tjsp.jus.br;;;;;;;;;;;;;;;;;;;;;;;;;;;;;
HORTOLANDIA;hortolandia1cv@tjsp.jus.br;hortolandia2cv@tjsp.jus.br;hortolandia3cv@tjsp.jus.br ;;;;;;;;;;;;;;;;;;;;;;;;;;;;;;;;;;;;;;;;;;
IACANGA;iacanga@tjsp.jus.br;;;;;;;;;;;;;;;;;;;;;;;;;;;;;;;;;;;;;;;;;;;;
IBATE;ibate@tjsp.jus.br;;;;;;;;;;;;;;;;;;;;;;;;;;;;;;;;;;;;;;;;;;;;
IBITINGA;ibitinga1cv@tjsp.jus.br;ibitinga2cv@tjsp.jus.br;;;;;;;;;;;;;;;;;;;;;;;;;;;;;;;;;;;;;;;;;;;
IBIUNA;ibiuna1@tjsp.jus.br;ibiuna2@tjsp.jus.br;;;;;;;;;;;;;;;;;;;;;;;;;;;;;;;;;;;;;;;;;;;
IEPE;iepe@tjsp.jus.br;;;;;;;;;;;;;;;;;;;;;;;;;;;;;;;;;;;;;;;;;;;;
IGARAPAVA;igarapava1@tjsp.jus.br;igarapava2@tjsp.jus.br;;;;;;;;;;;;;;;;;;;;;;;;;;;;;;;;;;;;;;;;;;;
IGUAPE;iguape1@tjsp.jus.br;iguape2@tjsp.jus.br;;;;;;;;;;;;;;;;;;;;;;;;;;;;;;;;;;;;;;;;;;;
ILHABELA;ilhabela@tjsp.jus.br;;;;;;;;;;;;;;;;;;;;;;;;;;;;;;;;;;;;;;;;;;;;
ILHA SOLTEIRA;ilhasolteira1@tjsp.jus.br;ilhasolteira2@tjsp.jus.br;;;;;;;;;;;;;;;;;;;;;;;;;;;;;;;;;;;;;;;;;;;
INDAIATUBA;indaiatuba1cv@tjsp.jus.br;indaiatuba2cv@tjsp.jus.br;indaiatuba3cv@tjsp.jus.br;indaiatuba4cv@tjsp.jus.br;indaiatuba5cv@tjsp.jus.br;;;;;;;;;;;;;;;;;;;;;;;;;;;;;;;;;;;;;;;;
IPAUCU;ipaucu@tjsp.jus.br;;;;;;;;;;;;;;;;;;;;;;;;;;;;;;;;;;;;;;;;;;;;
IPIRANGA;ipiranga1cv@tjsp.jus.br;ipiranga2cv@tjsp.jus.br;ipiranga3cv@tjsp.jus.br;;;;;;;;;;;;;;;;;;;;;;;;;;;;;;;;;;;;;;;;;;
IPUA;ipua@tjsp.jus.br;;;;;;;;;;;;;;;;;;;;;;;;;;;;;;;;;;;;;;;;;;;;
ITABERA;itabera@tjsp.jus.br;;;;;;;;;;;;;;;;;;;;;;;;;;;;;;;;;;;;;;;;;;;;
ITAI;itai@tjsp.jus.br;;;;;;;;;;;;;;;;;;;;;;;;;;;;;;;;;;;;;;;;;;;;
ITAJOBI;itajobi@tjsp.jus.br;;;;;;;;;;;;;;;;;;;;;;;;;;;;;;;;;;;;;;;;;;;;
ITANHAEM;itanhaem1@tjsp.jus.br;itanhaem2@tjsp.jus.br;itanhaem3@tjsp.jus.br;;;;;;;;;;;;;;;;;;;;;;;;;;;;;;;;;;;;;;;;;;
ITAPECERICA DA SERRA;itapecerica1@tjsp.jus.br;itapecerica2@tjsp.jus.br;itapecerica3@tjsp.jus.br;itapecerica4@tjsp.jus.br;;;;;;;;;;;;;;;;;;;;;;;;;;;;;;;;;;;;;;;;;
ITAPETININGA;itapet1cv@tjsp.jus.br;itapet2cv@tjsp.jus.br;itapet3cv@tjsp.jus.br;itapet4cv@tjsp.jus.br;;;;;;;;;;;;;;;;;;;;;;;;;;;;;;;;;;;;;;;;;
ITAPEVA;itapeva1@tjsp.jus.br;itapeva2@tjsp.jus.br;itapeva3@tjsp.jus.br;;;;;;;;;;;;;;;;;;;;;;;;;;;;;;;;;;;;;;;;;;
ITAPEVI;itapevi1cv@tjsp.jus.br;itapevi2cv@tjsp.jus.br;;;;;;;;;;;;;;;;;;;;;;;;;;;;;;;;;;;;;;;;;;;
ITAPIRA;itapira1@tjsp.jus.br;itapira2@tjsp.jus.br;;;;;;;;;;;;;;;;;;;;;;;;;;;;;;;;;;;;;;;;;;;
ITAPOLIS;itapolis1@tjsp.jus.br;itapolis2@tjsp.jus.br;;;;;;;;;;;;;;;;;;;;;;;;;;;;;;;;;;;;;;;;;;;
ITAPORANGA;itaporanga@tjsp.jus.br;;;;;;;;;;;;;;;;;;;;;;;;;;;;;;;;;;;;;;;;;;;;
ITAQUAQUECETUBA;itaqua1cv@tjsp.jus.br;itaqua2cv@tjsp.jus.br;itaqua3cv@tjsp.jus.br;;;;;;;;;;;;;;;;;;;;;;;;;;;;;;;;;;;;;;;;;;
ITAQUERA;itaquera1cv@tjsp.jus.br;itaquera2cv@tjsp.jus.br;itaquera3cv@tjsp.jus.br;itaquera4cv@tjsp.jus.br;itaquera5cv@tjsp.jus.br;;;;;;;;;;;;;;;;;;;;;;;;;;;;;;;;;;;;;;;;
ITARARE;itarare1@tjsp.jus.br;itarare2@tjsp.jus.br;;;;;;;;;;;;;;;;;;;;;;;;;;;;;;;;;;;;;;;;;;;
ITARIRI;itariri@tjsp.jus.br;;;;;;;;;;;;;;;;;;;;;;;;;;;;;;;;;;;;;;;;;;;;
ITATIBA;itatiba1cv@tjsp.jus.br;itatiba2cv@tjsp.jus.br;;;;;;;;;;;;;;;;;;;;;;;;;;;;;;;;;;;;;;;;;;;
ITATINGA;itatinga@tjsp.jus.br;;;;;;;;;;;;;;;;;;;;;;;;;;;;;;;;;;;;;;;;;;;;
ITIRAPINA;itirapina@tjsp.jus.br;;;;;;;;;;;;;;;;;;;;;;;;;;;;;;;;;;;;;;;;;;;;
ITU;itu1cv@tjsp.jus.br;itu2cv@tjsp.jus.br;itu3cv@tjsp.jus.br;;;;;;;;;;;;;;;;;;;;;;;;;;;;;;;;;;;;;;;;;;
ITUPEVA;itupeva@tjsp.jus.br;;;;;;;;;;;;;;;;;;;;;;;;;;;;;;;;;;;;;;;;;;;;
ITUVERAVA;ituverava1@tjsp.jus.br;ituverava2@tjsp.jus.br;;;;;;;;;;;;;;;;;;;;;;;;;;;;;;;;;;;;;;;;;;;
JABAQUARA;upj1a6cvjabaquara@tjsp.jus.br;upj1a6cvjabaquara@tjsp.jus.br;upj1a6cvjabaquara@tjsp.jus.br;upj1a6cvjabaquara@tjsp.jus.br;upj1a6cvjabaquara@tjsp.jus.br;upj1a6cvjabaquara@tjsp.jus.br;;;;;;;;;;;;;;;;;;;;;;;;;;;;;;;;;;;;;;;
JABOTICABAL;jabotic1cv@tjsp.jus.br;jabotic2cv@tjsp.jus.br;jabotic3cv@tjsp.jus.br;;;;;;;;;;;;;;;;;;;;;;;;;;;;;;;;;;;;;;;;;;
JACAREI;jacarei1cv@tjsp.jus.br;jacarei2cv@tjsp.jus.br;jacarei3cv@tjsp.jus.br;;;;;;;;;;;;;;;;;;;;;;;;;;;;;;;;;;;;;;;;;;
JACUPIRANGA;jacup1@tjsp.jus.br;jacup2@tjsp.jus.br;;;;;;;;;;;;;;;;;;;;;;;;;;;;;;;;;;;;;;;;;;;
JAGUARIUNA;jaguariuna1@tjsp.jus.br;jaguariuna2@tjsp.jus.br;;;;;;;;;;;;;;;;;;;;;;;;;;;;;;;;;;;;;;;;;;;
JALES;jales1cv@tjsp.jus.br;jales2cv@tjsp.jus.br;jales3cv@tjsp.jus.br;;;;;;;;;;;;;;;;;;;;;;;;;;;;;;;;;;;;;;;;;;
JANDIRA;jandira1@tjsp.jus.br;jandira2@tjsp.jus.br;;;;;;;;;;;;;;;;;;;;;;;;;;;;;;;;;;;;;;;;;;;
JARDINOPOLIS;jardinopolis@tjsp.jus.br;;;;;;;;;;;;;;;;;;;;;;;;;;;;;;;;;;;;;;;;;;;;
JARINU;jarinu@tjsp.jus.br;;;;;;;;;;;;;;;;;;;;;;;;;;;;;;;;;;;;;;;;;;;;
JAU;jau1cv@tjsp.jus.br;jau2cv@tjsp.jus.br;jau3cv@tjsp.jus.br;jau4cv@tjsp.jus.br;;;;;;;;;;;;;;;;;;;;;;;;;;;;;;;;;;;;;;;;;
JOAO MENDES;upj1a5cv@tjsp.jus.br;upj1a5cv@tjsp.jus.br;upj1a5cv@tjsp.jus.br;upj1a5cv@tjsp.jus.br;upj1a5cv@tjsp.jus.br;upj6a10cv@tjsp.jus.br;upj6a10cv@tjsp.jus.br;upj6a10cv@tjsp.jus.br;upj6a10cv@tjsp.jus.br;upj6a10cv@tjsp.jus.br;upj11a15cv@tjsp.jus.br;upj11a15cv@tjsp.jus.br;upj11a15cv@tjsp.jus.br;upj11a15cv@tjsp.jus.br;upj11a15cv@tjsp.jus.br;upj16a20@tjsp.jus.br;upj16a20@tjsp.jus.br;upj16a20@tjsp.jus.br;upj16a20@tjsp.jus.br;upj16a20@tjsp.jus.br;upj21a25cv@tjsp.jus.br;upj21a25cv@tjsp.jus.br;upj21a25cv@tjsp.jus.br;upj21a25cv@tjsp.jus.br;upj21a25cv@tjsp.jus.br;upj26a30cv@tjsp.jus.br;upj26a30cv@tjsp.jus.br;upj26a30cv@tjsp.jus.br;upj26a30cv@tjsp.jus.br;upj26a30cv@tjsp.jus.br;upj31a35cv@tjsp.jus.br;upj31a35cv@tjsp.jus.br;upj31a35cv@tjsp.jus.br;upj31a35cv@tjsp.jus.br;upj31a35cv@tjsp.jus.br;upj36a40cv@tjsp.jus.br;upj36a40cv@tjsp.jus.br;upj36a40cv@tjsp.jus.br;upj36a40cv@tjsp.jus.br;upj36a40cv@tjsp.jus.br;upj41a45@tjsp.jus.br;upj41a45@tjsp.jus.br;upj41a45@tjsp.jus.br;upj41a45@tjsp.jus.br;upj41a45@tjsp.jus.br
JOSE BONIFACIO;josebonif1@tjsp.jus.br;josebonif2@tjsp.jus.br;;;;;;;;;;;;;;;;;;;;;;;;;;;;;;;;;;;;;;;;;;;
JUNDIAI;jundiai1cv@tjsp.jus.br;jundiai2cv@tjsp.jus.br;jundiai3cv@tjsp.jus.br;jundiai4cv@tjsp.jus.br;jundiai5cv@tjsp.jus.br;jundiai6cv@tjsp.jus.br;;;;;;;;;;;;;;;;;;;;;;;;;;;;;;;;;;;;;;;
JUNQUEIROPOLIS;junqueiropolis@tjsp.jus.br;;;;;;;;;;;;;;;;;;;;;;;;;;;;;;;;;;;;;;;;;;;;
JUQUIA;juquia@tjsp.jus.br;;;;;;;;;;;;;;;;;;;;;;;;;;;;;;;;;;;;;;;;;;;;
LAPA;lapa1cv@tjsp.jus.br;lapa2cv@tjsp.jus.br;lapa3cv@tjsp.jus.br;lapa4cv@tjsp.jus.br;;;;;;;;;;;;;;;;;;;;;;;;;;;;;;;;;;;;;;;;;
LARANJAL PAULISTA;laranjal@tjsp.jus.br;;;;;;;;;;;;;;;;;;;;;;;;;;;;;;;;;;;;;;;;;;;;
LEME;leme1@tjsp.jus.br;leme2@tjsp.jus.br;leme3@tjsp.jus.br;;;;;;;;;;;;;;;;;;;;;;;;;;;;;;;;;;;;;;;;;;
LENCOIS PAULISTA;lencois1@tjsp.jus.br;lencois2@tjsp.jus.br;lencois3@tjsp.jus.br;;;;;;;;;;;;;;;;;;;;;;;;;;;;;;;;;;;;;;;;;;
LIMEIRA;limeira1cv@tjsp.jus.br;limeira2cv@tjsp.jus.br;limeira3cv@tjsp.jus.br;limeira4cv@tjsp.jus.br;limeira5cv@tjsp.jus.br;;;;;;;;;;;;;;;;;;;;;;;;;;;;;;;;;;;;;;;;
LINS;lins1cv@tjsp.jus.br;lins2cv@tjsp.jus.br;lins3cv@tjsp.jus.br;;;;;;;;;;;;;;;;;;;;;;;;;;;;;;;;;;;;;;;;;;
LORENA;lorena1@tjsp.jus.br;lorena2@tjsp.jus.br;;;;;;;;;;;;;;;;;;;;;;;;;;;;;;;;;;;;;;;;;;;
LOUVEIRA;louveiradistribuicao@tjsp.jus.br;;;;;;;;;;;;;;;;;;;;;;;;;;;;;;;;;;;;;;;;;;;;
LUCELIA;lucelia2@tjsp.jus.br;;;;;;;;;;;;;;;;;;;;;;;;;;;;;;;;;;;;;;;;;;;;
MACATUBA;macatuba@tjsp.jus.br;;;;;;;;;;;;;;;;;;;;;;;;;;;;;;;;;;;;;;;;;;;;
MACAUBAL;macaubal@tjsp.jus.br;;;;;;;;;;;;;;;;;;;;;;;;;;;;;;;;;;;;;;;;;;;;
MAIRINQUE;mairinque1@tjsp.jus.br;mairinque2@tjsp.jus.br;;;;;;;;;;;;;;;;;;;;;;;;;;;;;;;;;;;;;;;;;;;
MAIRIPORA;mairipora1@tjsp.jus.br;mairipora2@tjsp.jus.br;;;;;;;;;;;;;;;;;;;;;;;;;;;;;;;;;;;;;;;;;;;
MARACAI;maracai@tjsp.jus.br;;;;;;;;;;;;;;;;;;;;;;;;;;;;;;;;;;;;;;;;;;;;
MARILIA;marilia1cv@tjsp.jus.br;marilia2cv@tjsp.jus.br;marilia3cv@tjsp.jus.br;marilia4cv@tjsp.jus.br;marilia5cv@tjsp.jus.br;marilia6cv@tjsp.jus.br;;;;;;;;;;;;;;;;;;;;;;;;;;;;;;;;;;;;;;;
MARTINOPOLIS;martinopolis1@tjsp.jus.br;martinopolis2@tjsp.jus.br;;;;;;;;;;;;;;;;;;;;;;;;;;;;;;;;;;;;;;;;;;;
MATAO;matao1@tjsp.jus.br;matao2@tjsp.jus.br;matao3@tjsp.jus.br;;;;;;;;;;;;;;;;;;;;;;;;;;;;;;;;;;;;;;;;;;
MAUA;maua1cv@tjsp.jus.br;maua2cv@tjsp.jus.br;maua3cv@tjsp.jus.br;maua4cv@tjsp.jus.br;maua5cv@tjsp.jus.br;;;;;;;;;;;;;;;;;;;;;;;;;;;;;;;;;;;;;;;;
MIGUELOPOLIS;miguelop1@tjsp.jus.br;;;;;;;;;;;;;;;;;;;;;;;;;;;;;;;;;;;;;;;;;;;;
MIRACATU;miracatu1@tjsp.jus.br;miracatu2@tjsp.jus.br;;;;;;;;;;;;;;;;;;;;;;;;;;;;;;;;;;;;;;;;;;;
MIRANDOPOLIS;mirandop1@tjsp.jus.br;mirandop2@tjsp.jus.br;;;;;;;;;;;;;;;;;;;;;;;;;;;;;;;;;;;;;;;;;;;
MIRANTE DO PARANAPANEMA;mirante@tjsp.jus.br;;;;;;;;;;;;;;;;;;;;;;;;;;;;;;;;;;;;;;;;;;;;
MIRASSOL;mirassol1@tjsp.jus.br;mirassol2@tjsp.jus.br;mirassol3@tjsp.jus.br;;;;;;;;;;;;;;;;;;;;;;;;;;;;;;;;;;;;;;;;;;
MOCOCA;mococa1@tjsp.jus.br;mococa2@tjsp.jus.br;;;;;;;;;;;;;;;;;;;;;;;;;;;;;;;;;;;;;;;;;;;
MOGI DAS CRUZES;mogicruzes1cv@tjsp.jus.br;mogicruzes2cv@tjsp.jus.br;mogicruzes3cv@tjsp.jus.br;mogicruzes4cv@tjsp.jus.br;mogicruzes5cv@tjsp.jus.br;mogicruzes6cv@tjsp.onmicrosoft.com;mogicruzes7cv@tjsp.jus.br;;;;;;;;;;;;;;;;;;;;;;;;;;;;;;;;;;;;;;
MOGI GUACU;mojiguacu1cv@tjsp.jus.br;mojiguacu2cv@tjsp.jus.br;mojiguacu3cv@tjsp.jus.br;;;;;;;;;;;;;;;;;;;;;;;;;;;;;;;;;;;;;;;;;;
MOGI MIRIM;mojimirim1@tjsp.jus.br;mojimirim2@tjsp.jus.br;mojimirim3@tjsp.jus.br;mojimirim4@tjsp.jus.br;;;;;;;;;;;;;;;;;;;;;;;;;;;;;;;;;;;;;;;;;
MONGAGUA;mongaguadist@tjsp.jus.br;;;;;;;;;;;;;;;;;;;;;;;;;;;;;;;;;;;;;;;;;;;;
MONTE ALTO;montealto1@tjsp.jus.br;montealto2@tjsp.jus.br;montealto3@tjsp.jus.br;;;;;;;;;;;;;;;;;;;;;;;;;;;;;;;;;;;;;;;;;;
MONTE APRAZIVEL;monteapraz1@tjsp.jus.br;monteapraz2@tjsp.jus.br;;;;;;;;;;;;;;;;;;;;;;;;;;;;;;;;;;;;;;;;;;;
MONTE AZUL PAULISTA;monteazul@tjsp.jus.br;;;;;;;;;;;;;;;;;;;;;;;;;;;;;;;;;;;;;;;;;;;;
MONTE MOR;montemor@tjsp.jus.br;;;;;;;;;;;;;;;;;;;;;;;;;;;;;;;;;;;;;;;;;;;;
MORRO AGUDO;morroagudo@tjsp.jus.br;;;;;;;;;;;;;;;;;;;;;;;;;;;;;;;;;;;;;;;;;;;;
NAZARE PAULISTA;nazarepaulista@tjsp.jus.br;;;;;;;;;;;;;;;;;;;;;;;;;;;;;;;;;;;;;;;;;;;;
NEVES PAULISTA;nevespaulista@tjsp.jus.br;;;;;;;;;;;;;;;;;;;;;;;;;;;;;;;;;;;;;;;;;;;;
NHANDEARA;nhandeara@tjsp.jus.br;;;;;;;;;;;;;;;;;;;;;;;;;;;;;;;;;;;;;;;;;;;;
NOSSA SENHORA DO O;nossa_sra_ocv@tjsp.jus.br;nossa_sra_ocv@tjsp.jus.br;nossa_sra_ocv@tjsp.jus.br;nossa_sra_ocv@tjsp.jus.br;;;;;;;;;;;;;;;;;;;;;;;;;;;;;;;;;;;;;;;;;
NOVA GRANADA;novagranada@tjsp.jus.br;;;;;;;;;;;;;;;;;;;;;;;;;;;;;;;;;;;;;;;;;;;;
NOVA ODESSA;novaodessa1@tjsp.jus.br;novaodessa2@tjsp.jus.br;;;;;;;;;;;;;;;;;;;;;;;;;;;;;;;;;;;;;;;;;;;
NOVO HORIZONTE;novohoriz1@tjsp.jus.br;novohoriz2@tjsp.jus.br;;;;;;;;;;;;;;;;;;;;;;;;;;;;;;;;;;;;;;;;;;;
NUPORANGA;nuporanga@tjsp.jus.br;;;;;;;;;;;;;;;;;;;;;;;;;;;;;;;;;;;;;;;;;;;;
OLIMPIA;olimpia1@tjsp.jus.br;olimpia2@tjsp.jus.br;olimpia3@tjsp.jus.br;;;;;;;;;;;;;;;;;;;;;;;;;;;;;;;;;;;;;;;;;;
ORLANDIA;orlandia1@tjsp.jus.br;orlandia2@tjsp.jus.br;;;;;;;;;;;;;;;;;;;;;;;;;;;;;;;;;;;;;;;;;;;
OSASCO;osasco1cv@tjsp.jus.br;osasco2cv@tjsp.jus.br;osasco3cv@tjsp.jus.br;osasco4cv@tjsp.jus.br;osasco5cv@tjsp.jus.br;osasco6cv@tjsp.jus.br;osasco7cv@tjsp.jus.br;osasco8cv@tjsp.jus.br;;;;;;;;;;;;;;;;;;;;;;;;;;;;;;;;;;;;;
OSVALDO CRUZ;osvaldocruz1@tjsp.jus.br;osvaldocruz2@tjsp.jus.br;;;;;;;;;;;;;;;;;;;;;;;;;;;;;;;;;;;;;;;;;;;
OURINHOS;ourinhos1cv@tjsp.jus.br;ourinhos2cv@tjsp.jus.br;ourinhos3cv@tjsp.jus.br;;;;;;;;;;;;;;;;;;;;;;;;;;;;;;;;;;;;;;;;;;
OUROESTE;ouroeste@tjsp.jus.br;;;;;;;;;;;;;;;;;;;;;;;;;;;;;;;;;;;;;;;;;;;;
PACAEMBU;pacaembu1@tjsp.jus.br;;;;;;;;;;;;;;;;;;;;;;;;;;;;;;;;;;;;;;;;;;;;
PALESTINA;palestinasp@tjsp.jus.br;;;;;;;;;;;;;;;;;;;;;;;;;;;;;;;;;;;;;;;;;;;;
PALMEIRA D OESTE;palmeiradoeste@tjsp.jus.br;;;;;;;;;;;;;;;;;;;;;;;;;;;;;;;;;;;;;;;;;;;;
PALMITAL;palmital1@tjsp.jus.br;palmital2@tjsp.jus.br;;;;;;;;;;;;;;;;;;;;;;;;;;;;;;;;;;;;;;;;;;;
PANORAMA;panorama1@tjsp.jus.br;panorama2@tjsp.jus.br;;;;;;;;;;;;;;;;;;;;;;;;;;;;;;;;;;;;;;;;;;;
PARAGUACU PAULISTA;paraguacu1@tjsp.jus.br;paraguacu2@tjsp.jus.br;paraguacu3@tjsp.jus.br;;;;;;;;;;;;;;;;;;;;;;;;;;;;;;;;;;;;;;;;;;
PARAIBUNA;paraibuna@tjsp.jus.br;;;;;;;;;;;;;;;;;;;;;;;;;;;;;;;;;;;;;;;;;;;;
PARANAPANEMA;paranap@tjsp.jus.br;;;;;;;;;;;;;;;;;;;;;;;;;;;;;;;;;;;;;;;;;;;;
PARELHEIROS;parelheiros@tjsp.jus.br;;;;;;;;;;;;;;;;;;;;;;;;;;;;;;;;;;;;;;;;;;;;
PARIQUERA-ACU;pariquera@tjsp.jus.br;;;;;;;;;;;;;;;;;;;;;;;;;;;;;;;;;;;;;;;;;;;;
PATROCINIO PAULISTA;patrocinio@tjsp.jus.br;;;;;;;;;;;;;;;;;;;;;;;;;;;;;;;;;;;;;;;;;;;;
PAULINIA;paulinia1@tjsp.jus.br;paulinia2@tjsp.jus.br;;;;;;;;;;;;;;;;;;;;;;;;;;;;;;;;;;;;;;;;;;;
PAULO DE FARIA;paulofaria@tjsp.jus.br;;;;;;;;;;;;;;;;;;;;;;;;;;;;;;;;;;;;;;;;;;;;
FARIA;paulofaria@tjsp.jus.br;;;;;;;;;;;;;;;;;;;;;;;;;;;;;;;;;;;;;;;;;;;;
PEDERNEIRAS;pederneiras1@tjsp.jus.br;pederneiras2@tjsp.jus.br;;;;;;;;;;;;;;;;;;;;;;;;;;;;;;;;;;;;;;;;;;;
PEDREGULHO;pedregulho@tjsp.jus.br;;;;;;;;;;;;;;;;;;;;;;;;;;;;;;;;;;;;;;;;;;;;
PEDREIRA;pedreira@tjsp.jus.br;;;;;;;;;;;;;;;;;;;;;;;;;;;;;;;;;;;;;;;;;;;;
PENAPOLIS;penapolis1@tjsp.jus.br;penapolis2@tjsp.jus.br;penapolis3@tjsp.jus.br;penapolis4@tjsp.jus.br;;;;;;;;;;;;;;;;;;;;;;;;;;;;;;;;;;;;;;;;;
PENHA DE FRANCA;penha1cv@tjsp.jus.br;penha2cv@tjsp.jus.br;penha3cv@tjsp.jus.br;penha4cv@tjsp.jus.br;;;;;;;;;;;;;;;;;;;;;;;;;;;;;;;;;;;;;;;;;
PEREIRA BARRETO;pereirabarr1@tjsp.jus.br;pereirabarr2@tjsp.jus.br;;;;;;;;;;;;;;;;;;;;;;;;;;;;;;;;;;;;;;;;;;;
PERUIBE;peruibe1@tjsp.jus.br;peruibe2@tjsp.jus.br;;;;;;;;;;;;;;;;;;;;;;;;;;;;;;;;;;;;;;;;;;;
PIEDADE;piedade1@tjsp.jus.br;piedade2@tjsp.jus.br;;;;;;;;;;;;;;;;;;;;;;;;;;;;;;;;;;;;;;;;;;;
PILAR DO SUL;pilardosul@tjsp.jus.br;;;;;;;;;;;;;;;;;;;;;;;;;;;;;;;;;;;;;;;;;;;;
PINDAMONHANGABA;pinda1cv@tjsp.jus.br;pinda2cv@tjsp.jus.br;pinda3cv@tjsp.jus.br;;;;;;;;;;;;;;;;;;;;;;;;;;;;;;;;;;;;;;;;;;
PINHALZINHO;pinhalzinho@tjsp.jus.br;;;;;;;;;;;;;;;;;;;;;;;;;;;;;;;;;;;;;;;;;;;;
PINHEIROS;pinheiros1cv@tjsp.jus.br;pinheiros2cv@tjsp.jus.br;pinheiros3cv@tjsp.jus.br;pinheiros4cv@tjsp.jus.br;pinheiros5cv@tjsp.jus.br;"pinheiros1cv@tjsp.jus.br;pinheiros2cv@tjsp.jus.br;pinheiros3cv@tjsp.jus.br;pinheiros4cv@tjsp.jus.br;pinheiros5cv@tjsp.jus.br";"pinheiros1cv@tjsp.jus.br;pinheiros2cv@tjsp.jus.br;pinheiros3cv@tjsp.jus.br;pinheiros4cv@tjsp.jus.br;pinheiros5cv@tjsp.jus.br";"pinheiros1cv@tjsp.jus.br;pinheiros2cv@tjsp.jus.br;pinheiros3cv@tjsp.jus.br;pinheiros4cv@tjsp.jus.br;pinheiros5cv@tjsp.jus.br";"pinheiros1cv@tjsp.jus.br;pinheiros2cv@tjsp.jus.br;pinheiros3cv@tjsp.jus.br;pinheiros4cv@tjsp.jus.br;pinheiros5cv@tjsp.jus.br";;;;;;;;;;;;;;;;;;;;;;;;;;;;;;;;;;;;
PIQUETE;piquete@tjsp.jus.br;;;;;;;;;;;;;;;;;;;;;;;;;;;;;;;;;;;;;;;;;;;;
PIRACAIA;piracaia1@tjsp.jus.br;piracaia2@tjsp.jus.br;;;;;;;;;;;;;;;;;;;;;;;;;;;;;;;;;;;;;;;;;;;
PIRACICABA;piracicaba1cv@tjsp.jus.br;piracicaba2cv@tjsp.jus.br;piracicaba3cv@tjsp.jus.br;piracicaba4cv@tjsp.jus.br;piracicaba5cv@tjsp.jus.br;piracicaba6cv@tjsp.jus.br;;;;;;;;;;;;;;;;;;;;;;;;;;;;;;;;;;;;;;;
PIRAJU;piraju1@tjsp.jus.br;piraju2@tjsp.jus.br;;;;;;;;;;;;;;;;;;;;;;;;;;;;;;;;;;;;;;;;;;;
PIRAJUI;pirajui1@tjsp.jus.br;pirajui2@tjsp.jus.br;;;;;;;;;;;;;;;;;;;;;;;;;;;;;;;;;;;;;;;;;;;
PIRANGI;pirangi@tjsp.jus.br;;;;;;;;;;;;;;;;;;;;;;;;;;;;;;;;;;;;;;;;;;;;
PIRAPOZINHO;pirapo1@tjsp.jus.br;pirapo2@tjsp.jus.br;;;;;;;;;;;;;;;;;;;;;;;;;;;;;;;;;;;;;;;;;;;
PIRASSUNUNGA;pirassununga1@tjsp.jus.br;pirassununga2@tjsp.jus.br;pirassununga3@tjsp.jus.br;;;;;;;;;;;;;;;;;;;;;;;;;;;;;;;;;;;;;;;;;;
PIRATININGA;piratininga@tjsp.jus.br;;;;;;;;;;;;;;;;;;;;;;;;;;;;;;;;;;;;;;;;;;;;
PITANGUEIRAS;pitangueiras@tjsp.jus.br;;;;;;;;;;;;;;;;;;;;;;;;;;;;;;;;;;;;;;;;;;;;
POA;poa1cv@tjsp.jus.br;poa2cv@tjsp.jus.br;;;;;;;;;;;;;;;;;;;;;;;;;;;;;;;;;;;;;;;;;;;
POMPEIA;pompeia@tjsp.jus.br;;;;;;;;;;;;;;;;;;;;;;;;;;;;;;;;;;;;;;;;;;;;
PONTAL;pontal@tjsp.jus.br;;;;;;;;;;;;;;;;;;;;;;;;;;;;;;;;;;;;;;;;;;;;
PORANGABA;porangaba@tjsp.jus.br;;;;;;;;;;;;;;;;;;;;;;;;;;;;;;;;;;;;;;;;;;;;
PORTO FELIZ;portofeliz1@tjsp.jus.br;portofeliz2@tjsp.jus.br;;;;;;;;;;;;;;;;;;;;;;;;;;;;;;;;;;;;;;;;;;;
PORTO FERREIRA;portoferr1@tjsp.jus.br;portoferr2@tjsp.jus.br;;;;;;;;;;;;;;;;;;;;;;;;;;;;;;;;;;;;;;;;;;;
POTIRENDABA;potirendaba@tjsp.jus.br;;;;;;;;;;;;;;;;;;;;;;;;;;;;;;;;;;;;;;;;;;;;
PRAIA GRANDE;praiagde1cv@tjsp.jus.br;praiagde2cv@tjsp.jus.br;praiagde3cv@tjsp.jus.br;praiagde4cv@tjsp.jus.br;praiagde5cv@tjsp.jus.br;;;;;;;;;;;;;;;;;;;;;;;;;;;;;;;;;;;;;;;;
PRESIDENTE BERNARDES;bernardes@tjsp.jus.br;;;;;;;;;;;;;;;;;;;;;;;;;;;;;;;;;;;;;;;;;;;;
PRESIDENTE EPITACIO;epitacio1@tjsp.jus.br;epitacio2@tjsp.jus.br;;;;;;;;;;;;;;;;;;;;;;;;;;;;;;;;;;;;;;;;;;;
PRESIDENTE PRUDENTE;upj1a5cvprudente@tjsp.jus.br;upj1a5cvprudente@tjsp.jus.br;upj1a5cvprudente@tjsp.jus.br;upj1a5cvprudente@tjsp.jus.br;upj1a5cvprudente@tjsp.jus.br;;;;;;;;;;;;;;;;;;;;;;;;;;;;;;;;;;;;;;;;
PRESIDENTE VENCESLAU;venceslau1@tjsp.jus.br;venceslau2@tjsp.jus.br;venceslau3@tjsp.jus.br;;;;;;;;;;;;;;;;;;;;;;;;;;;;;;;;;;;;;;;;;;
PROMISSAO;promissao1@tjsp.jus.br;promissao2@tjsp.jus.br;;;;;;;;;;;;;;;;;;;;;;;;;;;;;;;;;;;;;;;;;;;
QUATA;quata@tjsp.jus.br;;;;;;;;;;;;;;;;;;;;;;;;;;;;;;;;;;;;;;;;;;;;
QUELUZ;queluz@tjsp.jus.br;;;;;;;;;;;;;;;;;;;;;;;;;;;;;;;;;;;;;;;;;;;;
RANCHARIA;rancharia1@tjsp.jus.br;rancharia2@tjsp.jus.br;;;;;;;;;;;;;;;;;;;;;;;;;;;;;;;;;;;;;;;;;;;
REGENTE FEIJO;regfeijo@tjsp.jus.br;;;;;;;;;;;;;;;;;;;;;;;;;;;;;;;;;;;;;;;;;;;;
REGISTRO;registro1@tjsp.jus.br;registro2@tjsp.jus.br;registro3@tjsp.jus.br;;;;;;;;;;;;;;;;;;;;;;;;;;;;;;;;;;;;;;;;;;
RIBEIRAO BONITO;ribeiraobonito@tjsp.jus.br;;;;;;;;;;;;;;;;;;;;;;;;;;;;;;;;;;;;;;;;;;;;
RIBEIRAO PIRES;ribpires1@tjsp.jus.br;ribpires2@tjsp.jus.br;ribpires3@tjsp.jus.br;;;;;;;;;;;;;;;;;;;;;;;;;;;;;;;;;;;;;;;;;;
RIBEIRAO PRETO;ribpreto1cv@tjsp.jus.br;ribpreto2cv@tjsp.jus.br;ribpreto3cv@tjsp.jus.br;ribpreto4cv@tjsp.jus.br;ribpreto5cv@tjsp.jus.br;ribpreto6cv@tjsp.jus.br;ribpreto7cv@tjsp.jus.br;ribpreto8cv@tjsp.jus.br;ribpreto9cv@tjsp.jus.br;ribpreto10cv@tjsp.jus.br;;;;;;;;;;;;;;;;;;;;;;;;;;;;;;;;;;;
RIO CLARO;rioclaro1cv@tjsp.jus.br;rioclaro2cv@tjsp.jus.br;rioclaro3cv@tjsp.jus.br;rioclaro4cv@tjsp.jus.br;;;;;;;;;;;;;;;;;;;;;;;;;;;;;;;;;;;;;;;;;
RIO DAS PEDRAS;riodaspedras@tjsp.jus.br;;;;;;;;;;;;;;;;;;;;;;;;;;;;;;;;;;;;;;;;;;;;
RIO GRANDE DA SERRA;riogdeserra@tjsp.jus.br;;;;;;;;;;;;;;;;;;;;;;;;;;;;;;;;;;;;;;;;;;;;
ROSANA;rosanasp@tjsp.jus.br;;;;;;;;;;;;;;;;;;;;;;;;;;;;;;;;;;;;;;;;;;;;
ROSEIRA;roseira@tjsp.jus.br;;;;;;;;;;;;;;;;;;;;;;;;;;;;;;;;;;;;;;;;;;;;
SALESOPOLIS;salesopolis@tjsp.jus.br;;;;;;;;;;;;;;;;;;;;;;;;;;;;;;;;;;;;;;;;;;;;
SALTO;salto1@tjsp.jus.br;salto2@tjsp.jus.br;salto3@tjsp.jus.br;;;;;;;;;;;;;;;;;;;;;;;;;;;;;;;;;;;;;;;;;;
SALTO DE PIRAPORA;saltopirapora@tjsp.jus.br;;;;;;;;;;;;;;;;;;;;;;;;;;;;;;;;;;;;;;;;;;;;
SANTA ADELIA;santadelia@tjsp.jus.br;;;;;;;;;;;;;;;;;;;;;;;;;;;;;;;;;;;;;;;;;;;;
SANTA BARBARA DOESTE;stabarbara1cv@tjsp.jus.br;stabarbara2cv@tjsp.jus.br;stabarbara3cv@tjsp.jus.br;;;;;;;;;;;;;;;;;;;;;;;;;;;;;;;;;;;;;;;;;;
SANTA BARBARA D OESTE;stabarbara1cv@tjsp.jus.br;stabarbara2cv@tjsp.jus.br;stabarbara3cv@tjsp.jus.br;;;;;;;;;;;;;;;;;;;;;;;;;;;;;;;;;;;;;;;;;;
SANTA BRANCA;santabranca@tjsp.jus.br;;;;;;;;;;;;;;;;;;;;;;;;;;;;;;;;;;;;;;;;;;;;
SANTA CRUZ DAS PALMEIRAS;stacruzpalmeiras@tjsp.jus.br;;;;;;;;;;;;;;;;;;;;;;;;;;;;;;;;;;;;;;;;;;;;
SANTA CRUZ DO RIO PARDO;stacruzpardo1cv@tjsp.jus.br;stacruzpardo2cv@tjsp.jus.br;stacruzpardo3cv@tjsp.jus.br;;;;;;;;;;;;;;;;;;;;;;;;;;;;;;;;;;;;;;;;;;
SANTA FE DO SUL;santafe1@tjsp.jus.br;santafe2@tjsp.jus.br;santafe3@tjsp.jus.br;;;;;;;;;;;;;;;;;;;;;;;;;;;;;;;;;;;;;;;;;;
SANTA ISABEL;staisabel1@tjsp.jus.br;staisabel2@tjsp.jus.br;;;;;;;;;;;;;;;;;;;;;;;;;;;;;;;;;;;;;;;;;;;
SANTA RITA DO PASSA QUATRO;starita1@tjsp.jus.br;starita2@tjsp.jus.br;;;;;;;;;;;;;;;;;;;;;;;;;;;;;;;;;;;;;;;;;;;
SANTA ROSA DO VITERBO;santarosa@tjsp.jus.br;;;;;;;;;;;;;;;;;;;;;;;;;;;;;;;;;;;;;;;;;;;;
SANTANA;santana1cv@tjsp.jus.br;santana2cv@tjsp.jus.br;santana3cv@tjsp.jus.br;santana4cv@tjsp.jus.br;santana5cv@tjsp.jus.br;santana6cv@tjsp.jus.br;santana7cv@tjsp.jus.br;santana8cv@tjsp.jus.br;santana9cv@tjsp.jus.br;;;;;;;;;;;;;;;;;;;;;;;;;;;;;;;;;;;;
SANTANA DO PARNAIBA;parnaiba2@tjsp.jus.br;parnaiba3@tjsp.jus.br;parnaiba4@tjsp.jus.br;;;;;;;;;;;;;;;;;;;;;;;;;;;;;;;;;;;;;;;;;;
SANTO AMARO;stoamaro1cv@tjsp.jus.br;stoamaro2cv@tjsp.jus.br;stoamaro3cv@tjsp.jus.br;stoamaro4cv@tjsp.jus.br;stoamaro5cv@tjsp.jus.br;stoamaro6cv@tjsp.jus.br;stoamaro7cv@tjsp.jus.br;stoamaro8cv@tjsp.jus.br;upj9a14cv@tjsp.jus.br;upj9a14cv@tjsp.jus.br;upj9a14cv@tjsp.jus.br;upj9a14cv@tjsp.jus.br;upj9a14cv@tjsp.jus.br;upj9a14cv@tjsp.jus.br;stoamaro15cv@tjsp.jus.br;;;;;;;;;;;;;;;;;;;;;;;;;;;;;;
SANTO ANASTACIO;santoanastacio@tjsp.jus.br;;;;;;;;;;;;;;;;;;;;;;;;;;;;;;;;;;;;;;;;;;;;
SANTO ANDRE;stoandre1cv@tjsp.jus.br;stoandre2cv@tjsp.jus.br;stoandre3cv@tjsp.jus.br;stoandre4cv@tjsp.jus.br;stoandre5cv@tjsp.jus.br;stoandre6cv@tjsp.jus.br;stoandre7cv@tjsp.jus.br;stoandre8cv@tjsp.jus.br;stoandre9cv@tjsp.jus.br;;;;;;;;;;;;;;;;;;;;;;;;;;;;;;;;;;;;
SANTOS;santos1cv@tjsp.jus.br;santos2cv@tjsp.jus.br;santos3cv@tjsp.jus.br;santos4cv@tjsp.jus.br;santos5cv@tjsp.jus.br;santos6cv@tjsp.jus.br;santos7cv@tjsp.jus.br;santos8cv@tjsp.jus.br;upj9a12cvsantos@tjsp.jus.br;upj9a12cvsantos@tjsp.jus.br;upj9a12cvsantos@tjsp.jus.br;upj9a12cvsantos@tjsp.jus.br;;;;;;;;;;;;;;;;;;;;;;;;;;;;;;;;;
SAO BENTO DO SAPUCAI;saobento@tjsp.jus.br;;;;;;;;;;;;;;;;;;;;;;;;;;;;;;;;;;;;;;;;;;;;
SAO BERNARDO DO CAMPO;saobernardo1cv@tjsp.jus.br;saobernardo2cv@tjsp.jus.br;saobernardo3cv@tjsp.jus.br;saobernardo4cv@tjsp.jus.br;saobernardo5cv@tjsp.jus.br;saobernardo6cv@tjsp.jus.br;saobernardo7cv@tjsp.jus.br;saobernardo8cv@tjsp.jus.br;saobernardo9cv@tjsp.jus.br;;;;;;;;;;;;;;;;;;;;;;;;;;;;;;;;;;;;
SAO CAETANO DO SUL;saocaetano1cv@tjsp.jus.br;saocaetano2cv@tjsp.jus.br;saocaetano3cv@tjsp.jus.br;saocaetano4cv@tjsp.jus.br;saocaetano5cv@tjsp.jus.br;saocaetano6cv@tjsp.jus.br;;;;;;;;;;;;;;;;;;;;;;;;;;;;;;;;;;;;;;;
SAO CARLOS;saocarlos1cv@tjsp.jus.br;saocarlos2cv@tjsp.jus.br;saocarlos3cv@tjsp.jus.br;saocarlos4cv@tjsp.jus.br;saocarlos5cv@tjsp.jus.br;;;;;;;;;;;;;;;;;;;;;;;;;;;;;;;;;;;;;;;;
SAO JOAO DA BOA VISTA;saojoao1cv@tjsp.jus.br;saojoao2cv@tjsp.jus.br;saojoao3cv@tjsp.jus.br;;;;;;;;;;;;;;;;;;;;;;;;;;;;;;;;;;;;;;;;;;
SAO JOAQUIM DA BARRA;saojoaquim1@tjsp.jus.br;saojoaquim2@tjsp.jus.br;;;;;;;;;;;;;;;;;;;;;;;;;;;;;;;;;;;;;;;;;;;
SAO JOSE DO RIO PARDO;riopardo1@tjsp.jus.br;riopardo2@tjsp.jus.br;;;;;;;;;;;;;;;;;;;;;;;;;;;;;;;;;;;;;;;;;;;
SAO JOSE DO RIO PRETO;riopreto1cv@tjsp.jus.br;riopreto2cv@tjsp.jus.br;riopreto3cv@tjsp.jus.br;riopreto4cv@tjsp.jus.br;riopreto5cv@tjsp.jus.br;riopreto6cv@tjsp.jus.br;riopreto7cv@tjsp.jus.br;riopreto8cv@tjsp.jus.br;;;;;;;;;;;;;;;;;;;;;;;;;;;;;;;;;;;;;
SAO JOSE DOS CAMPOS;upj1a4cvsjcampos@tjsp.jus.br;upj1a4cvsjcampos@tjsp.jus.br;upj1a4cvsjcampos@tjsp.jus.br;upj1a4cvsjcampos@tjsp.jus.br;sjcampos5cv@tjsp.jus.br;sjcampos6cv@tjsp.jus.br;sjcampos7cv@tjsp.jus.br;sjcampos8cv@tjsp.jus.br;;;;;;;;;;;;;;;;;;;;;;;;;;;;;;;;;;;;;
SAO LUIZ DO PARAITINGA;paraitinga@tjsp.jus.br;;;;;;;;;;;;;;;;;;;;;;;;;;;;;;;;;;;;;;;;;;;;
SAO MANUEL;saomanuel1@tjsp.jus.br;saomanuel2@tjsp.jus.br;;;;;;;;;;;;;;;;;;;;;;;;;;;;;;;;;;;;;;;;;;;
SAO MIGUEL ARCANJO;smarcanjo@tjsp.jus.br;;;;;;;;;;;;;;;;;;;;;;;;;;;;;;;;;;;;;;;;;;;;
SAO MIGUEL PAULISTA;saomiguel1cv@tjsp.jus.br;saomiguel2cv@tjsp.jus.br;saomiguel3cv@tjsp.jus.br;saomiguel4cv@tjsp.jus.br;;;;;;;;;;;;;;;;;;;;;;;;;;;;;;;;;;;;;;;;;
SAO PEDRO;saopedro1@tjsp.jus.br;saopedro2@tjsp.jus.br;;;;;;;;;;;;;;;;;;;;;;;;;;;;;;;;;;;;;;;;;;;
SAO ROQUE;saoroque1cv@tjsp.jus.br;saoroque2cv@tjsp.jus.br;;;;;;;;;;;;;;;;;;;;;;;;;;;;;;;;;;;;;;;;;;;
SAO SEBASTIAO;saoseba1cv@tjsp.jus.br;saoseba2cv@tjsp.jus.br;;;;;;;;;;;;;;;;;;;;;;;;;;;;;;;;;;;;;;;;;;;
SAO SEBASTIAO DA GRAMA;grama@tjsp.jus.br;;;;;;;;;;;;;;;;;;;;;;;;;;;;;;;;;;;;;;;;;;;;
SAO SIMAO;saosimao@tjsp.jus.br;;;;;;;;;;;;;;;;;;;;;;;;;;;;;;;;;;;;;;;;;;;;
SAO VICENTE;saovicente1cv@tjsp.jus.br;saovicente2cv@tjsp.jus.br;saovicente3cv@tjsp.jus.br;saovicente4cv@tjsp.jus.br;saovicente5cv@tjsp.jus.br;saovicente6cv@tjsp.jus.br;;;;;;;;;;;;;;;;;;;;;;;;;;;;;;;;;;;;;;;
SERRA NEGRA;serranegra1@tjsp.jus.br;serranegra2@tjsp.jus.br;;;;;;;;;;;;;;;;;;;;;;;;;;;;;;;;;;;;;;;;;;;
SERRANA;serrana1@tjsp.jus.br;serrana2@tjsp.jus.br;;;;;;;;;;;;;;;;;;;;;;;;;;;;;;;;;;;;;;;;;;;
SERTAOZINHO;sertaoz1cv@tjsp.jus.br;sertaoz2cv@tjsp.jus.br;sertaoz3cv@tjsp.jus.br;;;;;;;;;;;;;;;;;;;;;;;;;;;;;;;;;;;;;;;;;;
SOCORRO;socorro1@tjsp.jus.br;socorro2@tjsp.jus.br;;;;;;;;;;;;;;;;;;;;;;;;;;;;;;;;;;;;;;;;;;;
SOROCABA;sorocaba1cv@tjsp.jus.br;sorocaba2cv@tjsp.jus.br;sorocaba3cv@tjsp.jus.br;sorocaba4cv@tjsp.jus.br;sorocaba5cv@tjsp.jus.br;sorocaba6cv@tjsp.jus.br;sorocaba7cv@tjsp.jus.br;;;;;;;;;;;;;;;;;;;;;;;;;;;;;;;;;;;;;;
SUMARE;sumare1cv@tjsp.jus.br;sumare2cv@tjsp.jus.br;sumare3cv@tjsp.jus.br;;;;;;;;;;;;;;;;;;;;;;;;;;;;;;;;;;;;;;;;;;
SUZANO;suzano1cv@tjsp.jus.br;suzano2cv@tjsp.jus.br;suzano3cv@tjsp.jus.br;suzano4cv@tjsp.jus.br;;;;;;;;;;;;;;;;;;;;;;;;;;;;;;;;;;;;;;;;;
TABAPUA;tabapua@tjsp.jus.br;;;;;;;;;;;;;;;;;;;;;;;;;;;;;;;;;;;;;;;;;;;;
TABOAO DA SERRA;taboao1cv@tjsp.jus.br;taboao2cv@tjsp.jus.br;taboao3cv@tjsp.jus.br;;;;;;;;;;;;;;;;;;;;;;;;;;;;;;;;;;;;;;;;;;
TAMBAU;tambau@tjsp.jus.br;;;;;;;;;;;;;;;;;;;;;;;;;;;;;;;;;;;;;;;;;;;;
TANABI;tanabi1@tjsp.jus.br;tanabi2@tjsp.jus.br;;;;;;;;;;;;;;;;;;;;;;;;;;;;;;;;;;;;;;;;;;;
TAQUARITINGA;taquaritinga1@tjsp.jus.br;taquaritinga2@tjsp.jus.br;taquaritinga3@tjsp.jus.br;taquaritinga4@tjsp.jus.br;;;;;;;;;;;;;;;;;;;;;;;;;;;;;;;;;;;;;;;;;
TAQUARITUBA;taquarituba@tjsp.jus.br;;;;;;;;;;;;;;;;;;;;;;;;;;;;;;;;;;;;;;;;;;;;
TATUAPE;tatuape1cv@tjsp.jus.br;tatuape2cv@tjsp.jus.br;tatuape3cv@tjsp.jus.br;tatuape4cv@tjsp.jus.br;tatuape5cv@tjsp.jus.br;;;;;;;;;;;;;;;;;;;;;;;;;;;;;;;;;;;;;;;;
TATUI;tatui1cv@tjsp.jus.br;tatui2cv@tjsp.jus.br;tatui3cv@tjsp.jus.br;;;;;;;;;;;;;;;;;;;;;;;;;;;;;;;;;;;;;;;;;;
TAUBATE;taubate1cv@tjsp.jus.br;taubate2cv@tjsp.jus.br;taubate3cv@tjsp.jus.br;taubate4cv@tjsp.jus.br;taubate5cv@tjsp.jus.br;;;;;;;;;;;;;;;;;;;;;;;;;;;;;;;;;;;;;;;;
TEODORO SAMPAIO;teodsampaio@tjsp.jus.br;;;;;;;;;;;;;;;;;;;;;;;;;;;;;;;;;;;;;;;;;;;;
TIETE;tiete1@tjsp.jus.br;tiete2@tjsp.jus.br;;;;;;;;;;;;;;;;;;;;;;;;;;;;;;;;;;;;;;;;;;;
TREMEMBE;tremembe1@tjsp.jus.br;tremembe2@tjsp.jus.br;;;;;;;;;;;;;;;;;;;;;;;;;;;;;;;;;;;;;;;;;;;
TUPA;tupa1cv@tjsp.jus.br;tupa2cv@tjsp.jus.br;tupa3cv@tjsp.jus.br;;;;;;;;;;;;;;;;;;;;;;;;;;;;;;;;;;;;;;;;;;
TUPI PAULISTA;tupipta1@tjsp.jus.br;tupipta2@tjsp.jus.br;;;;;;;;;;;;;;;;;;;;;;;;;;;;;;;;;;;;;;;;;;;
UBATUBA;ubatuba1@tjsp.jus.br;ubatuba2@tjsp.jus.br;ubatuba3@tjsp.jus.br;;;;;;;;;;;;;;;;;;;;;;;;;;;;;;;;;;;;;;;;;;
URANIA;urania@tjsp.jus.br;;;;;;;;;;;;;;;;;;;;;;;;;;;;;;;;;;;;;;;;;;;;
URUPES;urupes@tjsp.jus.br;;;;;;;;;;;;;;;;;;;;;;;;;;;;;;;;;;;;;;;;;;;;
VALINHOS;valinhos1@tjsp.jus.br;valinhos2@tjsp.jus.br;valinhos3@tjsp.jus.br;;;;;;;;;;;;;;;;;;;;;;;;;;;;;;;;;;;;;;;;;;
VALPARAISO;valparaiso@tjsp.jus.br;;;;;;;;;;;;;;;;;;;;;;;;;;;;;;;;;;;;;;;;;;;;
VARGEM GRANDE DO SUL;vgdosul1@tjsp.jus.br;vgdosul2@tjsp.jus.br;;;;;;;;;;;;;;;;;;;;;;;;;;;;;;;;;;;;;;;;;;;
VARGEM GRANDE PAULISTA;vgpaulista@tjsp.jus.br;;;;;;;;;;;;;;;;;;;;;;;;;;;;;;;;;;;;;;;;;;;;
VARZEA PAULISTA;varzeapta1@tjsp.jus.br;varzeapta2@tjsp.jus.br;;;;;;;;;;;;;;;;;;;;;;;;;;;;;;;;;;;;;;;;;;;
VERGUEIRO;sp2jec@tjsp.jus.br;;;;;;;;;;;;;;;;;;;;;;;;;;;;;;;;;;;;;;;;;;;;
VILA MIMOSA;vimimosa1@tjsp.jus.br;vimimosa2@tjsp.jus.br;vimimosa3@tjsp.jus.br;vimimosa4@tjsp.jus.br;vimimosa5@tjsp.jus.br;;;;;;;;;;;;;;;;;;;;;;;;;;;;;;;;;;;;;;;;
VILA PRUDENTE;vlprudente1cv@tjsp.jus.br;vlprudente2cv@tjsp.jus.br;vlprudente3cv@tjsp.jus.br;vlprudente4cv@tjsp.jus.br;;;;;;;;;;;;;;;;;;;;;;;;;;;;;;;;;;;;;;;;;
VINHEDO;vinhedo1@tjsp.jus.br;vinhedo2@tjsp.jus.br;vinhedo3@tjsp.jus.br;;;;;;;;;;;;;;;;;;;;;;;;;;;;;;;;;;;;;;;;;;
VIRADOURO;viradouro@tjsp.jus.br;;;;;;;;;;;;;;;;;;;;;;;;;;;;;;;;;;;;;;;;;;;;
VOTORANTIM;votorantim1cv@tjsp.jus.br;votorantim2cv@tjsp.jus.br;;;;;;;;;;;;;;;;;;;;;;;;;;;;;;;;;;;;;;;;;;;
VOTUPORANGA;votupor1cv@tjsp.jus.br;votupor2cv@tjsp.jus.br;votupor3cv@tjsp.jus.br;votupor4cv@tjsp.jus.br;;;;;;;;;;;;;;;;;;;;;;;;;;;;;;;;;;;;;;;;;
THIAGO;tsenas@tjsp.jus.br;;;;;;;;;;;;;;;;;;;;;;;;;;;;;;;;;;;;;;;;;;;;
SENA;tsenas@tjsp.jus.br;;;;;;;;;;;;;;;;;;;;;;;;;;;;;;;;;;;;;;;;;;;;
